id,sentAt,receivedAt,latencyMs,httpLatencyMs,httpStatus
latency-001-lgl6q5n5,2026-08-12T17:28:54.241Z,2026-08-12T17:28:54.267Z,25.996,26.9,200
latency-002-cbyn6wpm,2026-08-12T17:28:54.344Z,2026-08-12T17:28:54.358Z,14.449,15.524,200
latency-003-irphrcsa,2026-08-12T17:28:54.435Z,2026-08-12T17:28:54.447Z,11.761,12.464,200
latency-004-0jtlqkrh,2026-08-12T17:28:54.523Z,2026-08-12T17:28:54.536Z,13.194,12.781,200
latency-005-25qxydbe,2026-08-12T17:28:54.610Z,2026-08-12T17:28:54.622Z,11.68,12.097,200
latency-006-nu0jiisu,2026-08-12T17:28:54.698Z,2026-08-12T17:28:54.710Z,11.967,11.581,200
latency-007-2jnpbjex,2026-08-12T17:28:54.784Z,2026-08-12T17:28:54.796Z,11.951,11.479,200
latency-008-phyt11z1,2026-08-12T17:28:54.870Z,2026-08-12T17:28:54.882Z,11.91,12.415,200
latency-009-4ij7oovk,2026-08-12T17:28:54.958Z,2026-08-12T17:28:54.969Z,11.012,11.221,200
latency-010-forsxtt7,2026-08-12T17:28:55.045Z,2026-08-12T17:28:55.056Z,11.04,11.429,200
latency-011-uh70x3ko,2026-08-12T17:28:55.132Z,2026-08-12T17:28:55.143Z,11.912,11.626,200
latency-012-hdkikmsi,2026-08-12T17:28:55.219Z,2026-08-12T17:28:55.230Z,11.356,11.139,200
latency-013-uv6sr0e8,2026-08-12T17:28:55.305Z,2026-08-12T17:28:55.316Z,10.746,10.527,200
latency-014-g9uapfhy,2026-08-12T17:28:55.391Z,2026-08-12T17:28:55.403Z,11.987,11.748,200
latency-015-twcv1er0,2026-08-12T17:28:55.479Z,2026-08-12T17:28:55.489Z,10.843,11.403,200
latency-016-a1fiaebq,2026-08-12T17:28:55.565Z,2026-08-12T17:28:55.576Z,10.865,11.258,200
latency-017-l833w2b5,2026-08-12T17:28:55.651Z,2026-08-12T17:28:55.662Z,11.379,11.124,200
latency-018-3yhu90nf,2026-08-12T17:28:55.738Z,2026-08-12T17:28:55.749Z,11.001,10.738,200
latency-019-jzwtx3wn,2026-08-12T17:28:55.823Z,2026-08-12T17:28:55.834Z,10.679,10.424,200
latency-020-u7x1w7io,2026-08-12T17:28:55.908Z,2026-08-12T17:28:55.918Z,10.147,9.905,200
latency-021-6rdh88y0,2026-08-12T17:28:55.994Z,2026-08-12T17:28:56.004Z,10.299,10.888,200
latency-022-hlv79get,2026-08-12T17:28:56.080Z,2026-08-12T17:28:56.090Z,10.633,10.414,200
latency-023-bd2vzjvz,2026-08-12T17:28:56.166Z,2026-08-12T17:28:56.176Z,9.97,9.717,200
latency-024-im8781oe,2026-08-12T17:28:56.250Z,2026-08-12T17:28:56.260Z,10.247,10.657,200
latency-025-076w2u92,2026-08-12T17:28:56.335Z,2026-08-12T17:28:56.346Z,10.934,10.676,200
latency-026-4uij82gj,2026-08-12T17:28:56.421Z,2026-08-12T17:28:56.431Z,10.279,10.036,200
latency-027-az6qjht0,2026-08-12T17:28:56.505Z,2026-08-12T17:28:56.515Z,10.466,10.836,200
latency-028-vkzm2v36,2026-08-12T17:28:56.591Z,2026-08-12T17:28:56.601Z,9.977,9.773,200
latency-029-3l51idwv,2026-08-12T17:28:56.676Z,2026-08-12T17:28:56.686Z,9.891,9.689,200
latency-030-6k1h72k9,2026-08-12T17:28:56.761Z,2026-08-12T17:28:56.772Z,10.134,9.888,200
latency-031-8n6hgvqe,2026-08-12T17:28:56.846Z,2026-08-12T17:28:56.856Z,10.229,10.788,200
latency-032-h3l63stv,2026-08-12T17:28:56.932Z,2026-08-12T17:28:56.942Z,10.019,10.377,200
latency-033-4xas1m15,2026-08-12T17:28:57.018Z,2026-08-12T17:28:57.026Z,8.68,9.105,200
latency-034-nrc92brc,2026-08-12T17:28:57.102Z,2026-08-12T17:28:57.112Z,9.73,9.528,200
latency-035-kon4a86u,2026-08-12T17:28:57.186Z,2026-08-12T17:28:57.196Z,9.537,9.986,200
latency-036-z2v2pqoe,2026-08-12T17:28:57.271Z,2026-08-12T17:28:57.280Z,8.586,9.086,200
latency-037-l8o7ca8q,2026-08-12T17:28:57.356Z,2026-08-12T17:28:57.365Z,8.764,9.346,200
latency-038-zljpe0j3,2026-08-12T17:28:57.441Z,2026-08-12T17:28:57.450Z,9.438,9.237,200
latency-039-1ibo2z1e,2026-08-12T17:28:57.525Z,2026-08-12T17:28:57.534Z,9.087,8.891,200
latency-040-yn37b1jy,2026-08-12T17:28:57.609Z,2026-08-12T17:28:57.618Z,8.934,9.363,200
latency-041-t15fkdx1,2026-08-12T17:28:57.694Z,2026-08-12T17:28:57.704Z,10.103,9.884,200
latency-042-vyozknhj,2026-08-12T17:28:57.779Z,2026-08-12T17:28:57.789Z,9.397,9.502,200
latency-043-gtr549lz,2026-08-12T17:28:57.864Z,2026-08-12T17:28:57.874Z,9.366,9.155,200
latency-044-215i1t84,2026-08-12T17:28:57.949Z,2026-08-12T17:28:57.957Z,8.192,8.741,200
latency-045-s5hrla8e,2026-08-12T17:28:58.033Z,2026-08-12T17:28:58.042Z,8.96,9.54,200
latency-046-2eyh2rfk,2026-08-12T17:28:58.118Z,2026-08-12T17:28:58.127Z,9.163,8.923,200
latency-047-exnpg84e,2026-08-12T17:28:58.202Z,2026-08-12T17:28:58.211Z,8.749,8.847,200
latency-048-tw79920s,2026-08-12T17:28:58.286Z,2026-08-12T17:28:58.295Z,8.852,9.237,200
latency-049-1twhvebt,2026-08-12T17:28:58.371Z,2026-08-12T17:28:58.381Z,10.031,9.836,200
latency-050-78497ema,2026-08-12T17:28:58.456Z,2026-08-12T17:28:58.465Z,8.837,9.255,200
latency-051-yqb9z3qs,2026-08-12T17:28:58.540Z,2026-08-12T17:28:58.550Z,10.026,9.83,200
latency-052-tbf5csx2,2026-08-12T17:28:58.626Z,2026-08-12T17:28:58.634Z,8.784,9.152,200
latency-053-9cozfll3,2026-08-12T17:28:58.709Z,2026-08-12T17:28:58.718Z,9.306,8.992,200
latency-054-9qthdc90,2026-08-12T17:28:58.794Z,2026-08-12T17:28:58.803Z,9.139,8.931,200
latency-055-m4modl1g,2026-08-12T17:28:58.877Z,2026-08-12T17:28:58.886Z,9,8.797,200
latency-056-x1bcw9b7,2026-08-12T17:28:58.961Z,2026-08-12T17:28:58.969Z,7.985,8.426,200
latency-057-otthvkab,2026-08-12T17:28:59.045Z,2026-08-12T17:28:59.054Z,9.251,9.804,200
latency-058-0ibfn8tw,2026-08-12T17:28:59.130Z,2026-08-12T17:28:59.139Z,8.727,9.274,200
latency-059-h78lpsho,2026-08-12T17:28:59.215Z,2026-08-12T17:28:59.223Z,8.366,9.298,200
latency-060-zu4j4af7,2026-08-12T17:28:59.299Z,2026-08-12T17:28:59.309Z,9.606,9.365,200
latency-061-b3rk3ucy,2026-08-12T17:28:59.384Z,2026-08-12T17:28:59.393Z,8.915,9.306,200
latency-062-ci2kst08,2026-08-12T17:28:59.469Z,2026-08-12T17:28:59.477Z,8.299,8.721,200
latency-063-ipnfcz2b,2026-08-12T17:28:59.553Z,2026-08-12T17:28:59.562Z,9.442,9.247,200
latency-064-qqkjw87g,2026-08-12T17:28:59.638Z,2026-08-12T17:28:59.646Z,8.367,9.112,200
latency-065-upsejev4,2026-08-12T17:28:59.721Z,2026-08-12T17:28:59.729Z,8.114,8.456,200
latency-066-e5frgkti,2026-08-12T17:28:59.805Z,2026-08-12T17:28:59.812Z,7.638,8.037,200
latency-067-ojv1dngq,2026-08-12T17:28:59.888Z,2026-08-12T17:28:59.896Z,8.04,8.447,200
latency-068-cfbsdvs4,2026-08-12T17:28:59.972Z,2026-08-12T17:28:59.979Z,7.681,8.091,200
latency-069-yg3wwjfp,2026-08-12T17:29:00.055Z,2026-08-12T17:29:00.063Z,7.821,8.296,200
latency-070-4oc4knfu,2026-08-12T17:29:00.139Z,2026-08-12T17:29:00.147Z,8.201,7.87,200
latency-071-la4tbxvj,2026-08-12T17:29:00.221Z,2026-08-12T17:29:00.228Z,7.302,7.735,200
latency-072-6gcxkg0q,2026-08-12T17:29:00.304Z,2026-08-12T17:29:00.312Z,7.513,7.942,200
latency-073-72vl2gpf,2026-08-12T17:29:00.387Z,2026-08-12T17:29:00.395Z,8.031,7.817,200
latency-074-jtr3tt3b,2026-08-12T17:29:00.471Z,2026-08-12T17:29:00.479Z,8.342,8.141,200
latency-075-kcc7bedy,2026-08-12T17:29:00.554Z,2026-08-12T17:29:00.562Z,7.699,8.063,200
latency-076-boniqqrh,2026-08-12T17:29:00.638Z,2026-08-12T17:29:00.646Z,8.023,8.435,200
latency-077-xjpodtr4,2026-08-12T17:29:00.721Z,2026-08-12T17:29:00.729Z,7.85,8.254,200
latency-078-xtwnb4sc,2026-08-12T17:29:00.805Z,2026-08-12T17:29:00.815Z,10.664,11.19,200
latency-079-okvcdmu2,2026-08-12T17:29:00.891Z,2026-08-12T17:29:00.899Z,7.981,8.416,200
latency-080-ek2xb5bl,2026-08-12T17:29:00.974Z,2026-08-12T17:29:00.982Z,7.801,8.218,200
latency-081-kyfr1z4c,2026-08-12T17:29:01.057Z,2026-08-12T17:29:01.065Z,7.763,8.49,200
latency-082-7ua4deqi,2026-08-12T17:29:01.141Z,2026-08-12T17:29:01.149Z,7.701,8.059,200
latency-083-gjzj50ql,2026-08-12T17:29:01.225Z,2026-08-12T17:29:01.233Z,8.064,7.866,200
latency-084-a4ucwra9,2026-08-12T17:29:01.308Z,2026-08-12T17:29:01.315Z,7.415,7.748,200
latency-085-qtsh862t,2026-08-12T17:29:01.391Z,2026-08-12T17:29:01.399Z,8.268,8.064,200
latency-086-v72pnxhz,2026-08-12T17:29:01.474Z,2026-08-12T17:29:01.483Z,8.669,8.453,200
latency-087-rjjsav7b,2026-08-12T17:29:01.558Z,2026-08-12T17:29:01.566Z,8.232,8.048,200
latency-088-terxlrp0,2026-08-12T17:29:01.642Z,2026-08-12T17:29:01.649Z,7.459,7.871,200
latency-089-2bjhiliy,2026-08-12T17:29:01.725Z,2026-08-12T17:29:01.733Z,7.846,7.623,200
latency-090-t1h80mfu,2026-08-12T17:29:01.807Z,2026-08-12T17:29:01.816Z,8.554,8.355,200
latency-091-cxsjyq8h,2026-08-12T17:29:01.891Z,2026-08-12T17:29:01.898Z,7.418,7.776,200
latency-092-b1ovhkkl,2026-08-12T17:29:01.973Z,2026-08-12T17:29:01.982Z,8.238,8.056,200
latency-093-dvtlhph5,2026-08-12T17:29:02.057Z,2026-08-12T17:29:02.065Z,7.771,8.232,200
latency-094-vvu8si9c,2026-08-12T17:29:02.140Z,2026-08-12T17:29:02.147Z,6.936,7.346,200
latency-095-oy79kd6k,2026-08-12T17:29:02.223Z,2026-08-12T17:29:02.231Z,7.543,7.988,200
latency-096-cblc0jrk,2026-08-12T17:29:02.306Z,2026-08-12T17:29:02.314Z,7.337,7.724,200
latency-097-we4tddar,2026-08-12T17:29:02.389Z,2026-08-12T17:29:02.396Z,6.984,9.204,200
latency-098-8dsbmzbk,2026-08-12T17:29:02.473Z,2026-08-12T17:29:02.482Z,8.86,8.652,200
latency-099-y3q98ryk,2026-08-12T17:29:02.557Z,2026-08-12T17:29:02.565Z,7.578,7.947,200
latency-100-0u7kx406,2026-08-12T17:29:02.640Z,2026-08-12T17:29:02.648Z,7.572,7.959,200
